run_id,decision_number,inference_time,distance_before,distance_after,dx,dz,good_move
1,1,6.0414,5.0839,4.5487,-0.5000,0.5000,true
1,2,4.4756,4.5487,4.0662,-0.5000,0.5000,true
1,3,4.2208,4.0662,3.6576,-0.5000,0.5000,true
1,4,4.3501,3.6576,3.0724,0.5000,0.5000,true
1,5,4.7745,3.0724,2.6988,-0.5000,0.5000,true
1,6,4.1541,2.6988,2.4753,-0.5000,0.5000,true
1,7,4.2575,2.4753,1.7857,0.5000,0.5000,true
1,8,4.9126,1.7857,1.1180,0.5000,0.5000,true
1,9,5.0368,1.1180,1.0459,-0.5000,0.5000,true
1,10,4.1068,1.0459,1.3920,-0.5000,0.5000,false
1,11,5.2728,1.3920,0.9996,0.5000,0.5000,true
1,12,3.9481,0.9996,0.3941,0.5000,-0.5000,true
2,1,3.9128,4.2103,3.5507,0.5000,0.5000,true
2,2,3.9120,3.5507,3.3372,-0.5000,0.5000,true
2,3,4.2379,3.3372,2.6492,0.5000,0.5000,true
2,4,4.6352,2.6492,1.9748,0.5000,0.5000,true
2,5,3.9155,1.9748,1.8518,-0.5000,0.5000,true
2,6,4.1108,1.8518,1.1447,0.5000,0.5000,true
2,7,2.7184,1.1447,0.4379,0.5000,0.5000,true
3,1,5.7241,4.0406,3.3793,-0.5000,-0.5000,true
3,2,4.5246,3.3793,2.7411,-0.5000,-0.5000,true
3,3,3.9879,2.7411,2.1464,-0.5000,-0.5000,true
3,4,3.5691,2.1464,1.8047,0.5000,-0.5000,true
3,5,3.0624,1.8047,1.1621,-0.5000,-0.5000,true
3,6,4.1120,1.1621,0.6665,-0.5000,-0.5000,true
4,1,4.3398,4.1449,3.4469,-0.5000,-0.5000,true
4,2,4.2742,3.4469,2.7534,-0.5000,-0.5000,true
4,3,4.1715,2.7534,2.0692,-0.5000,-0.5000,true
4,4,4.1967,2.0692,1.4078,-0.5000,-0.5000,true
4,5,4.1133,1.4078,0.8260,-0.5000,-0.5000,true
4,6,4.4290,0.8260,0.6186,-0.5000,-0.5000,true
5,1,4.8114,4.2037,3.5683,-0.5000,-0.5000,true
5,2,4.1804,3.5683,2.9654,-0.5000,-0.5000,true
5,3,3.5246,2.9654,2.4197,-0.5000,-0.5000,true
5,4,5.6554,2.4197,1.9789,-0.5000,-0.5000,true
5,5,3.2264,1.9789,1.7255,-0.5000,-0.5000,true
5,6,4.2119,1.7255,1.7432,-0.5000,-0.5000,false
5,7,4.0643,1.7432,1.0668,-0.5000,0.5000,true
5,8,4.3520,1.0668,1.0377,0.5000,0.5000,false
5,9,3.9095,1.0377,0.4201,-0.5000,0.5000,true
6,1,4.3879,4.9686,4.4918,-0.5000,-0.5000,true
6,2,4.0452,4.4918,4.0825,-0.5000,-0.5000,true
6,3,4.3591,4.0825,3.7625,-0.5000,-0.5000,true
6,4,4.6388,3.7625,3.5562,-0.5000,-0.5000,true
6,5,3.6830,3.5562,3.4838,-0.5000,-0.5000,true
6,6,4.4563,3.4838,2.7767,0.5000,-0.5000,true
6,7,4.1240,2.7767,2.0696,0.5000,-0.5000,true
6,8,3.9290,2.0696,1.3625,0.5000,-0.5000,true
6,9,4.3502,1.3625,0.6554,0.5000,-0.5000,true
7,1,4.4168,6.0984,5.4141,-0.5000,0.5000,true
7,2,4.0660,5.4141,4.7366,-0.5000,0.5000,true
7,3,3.9646,4.7366,4.0691,-0.5000,0.5000,true
7,4,4.3357,4.0691,3.4176,-0.5000,0.5000,true
7,5,4.2749,3.4176,2.7933,-0.5000,0.5000,true
7,6,3.9140,2.7933,2.2193,-0.5000,0.5000,true
7,7,3.2946,2.2193,1.7457,-0.5000,0.5000,true
7,8,4.3601,1.7457,1.4731,-0.5000,0.5000,true
7,9,5.1296,1.4731,0.7882,0.5000,0.5000,true
8,1,4.0812,5.0971,4.4291,-0.5000,-0.5000,true
8,2,3.9249,4.4291,3.7754,-0.5000,-0.5000,true
8,3,4.1211,3.7754,3.1449,-0.5000,-0.5000,true
8,4,3.9498,3.1449,2.5548,-0.5000,-0.5000,true
8,5,4.1716,2.5548,2.0405,-0.5000,-0.5000,true
8,6,3.6843,2.0405,1.6735,-0.5000,-0.5000,true
8,7,3.7531,1.6735,1.5612,-0.5000,-0.5000,true
8,8,4.5219,1.5612,1.6735,0.5000,0.5000,false
8,9,4.2357,1.6735,1.5612,-0.5000,-0.5000,true
8,10,4.3888,1.5612,1.6735,0.5000,0.5000,false
8,11,4.3823,1.6735,1.0474,-0.5000,0.5000,true
8,12,3.9538,1.0474,0.8566,-0.5000,-0.5000,true
8,13,3.9984,0.8566,0.1735,-0.5000,0.5000,true
9,1,3.9692,4.1794,3.4744,-0.5000,0.5000,true
9,2,4.4428,3.4744,2.7705,-0.5000,0.5000,true
9,3,3.8625,2.7705,2.0688,-0.5000,0.5000,true
9,4,7.4703,2.0688,1.3726,-0.5000,0.5000,true
9,5,3.8112,1.3726,1.6738,0.5000,0.5000,false
9,6,3.7053,1.6738,1.3726,-0.5000,-0.5000,true
9,7,3.7980,1.3726,1.4024,-0.5000,-0.5000,false
9,8,4.2413,1.4024,0.7556,-0.5000,0.5000,true
10,1,3.9455,4.0377,3.4157,-0.5000,-0.5000,true
10,2,3.9110,3.4157,2.8340,-0.5000,-0.5000,true
10,3,3.9816,2.8340,2.3229,-0.5000,-0.5000,true
10,4,3.7608,2.3229,1.9392,-0.5000,-0.5000,true
10,5,3.9327,1.9392,1.7677,-0.5000,-0.5000,true
10,6,4.9760,1.7677,1.0624,-0.5000,0.5000,true
10,7,4.0054,1.0624,0.3638,-0.5000,0.5000,true
11,1,3.9181,4.0491,3.3579,-0.5000,0.5000,true
11,2,4.3029,3.3579,2.6749,-0.5000,0.5000,true
11,3,3.7759,2.6749,2.0088,-0.5000,0.5000,true
11,4,4.2638,2.0088,2.6749,0.5000,-0.5000,false
11,5,4.0603,2.6749,2.0088,-0.5000,0.5000,true
11,6,3.8623,2.0088,2.3736,0.5000,0.5000,false
11,7,4.3066,2.3736,2.0088,-0.5000,-0.5000,true
11,8,5.7755,2.0088,1.8539,-0.5000,-0.5000,true
11,9,3.3887,1.8539,1.1476,-0.5000,0.5000,true
11,10,3.8212,1.1476,0.4439,-0.5000,0.5000,true
12,1,5.1349,4.6110,3.9103,0.5000,-0.5000,true
12,2,3.9009,3.9103,3.8716,-0.5000,-0.5000,false
12,3,4.4367,3.8716,3.1650,0.5000,-0.5000,true
12,4,4.5269,3.1650,2.4588,0.5000,-0.5000,true
12,5,4.2086,2.4588,1.7533,0.5000,-0.5000,true
12,6,4.1833,1.7533,1.0500,0.5000,-0.5000,true
12,7,4.0043,1.0500,0.3619,0.5000,-0.5000,true
13,1,4.7740,5.3631,4.7188,0.5000,0.5000,true
13,2,3.7641,4.7188,4.0952,0.5000,0.5000,true
13,3,4.1300,4.0952,3.7871,-0.5000,0.5000,true
13,4,4.1216,3.7871,3.5935,-0.5000,0.5000,true
13,5,4.2533,3.5935,3.5333,-0.5000,0.5000,true
13,6,5.3825,3.5333,3.6132,-0.5000,0.5000,false
13,7,5.0345,3.6132,2.9255,0.5000,0.5000,true
13,8,4.3661,2.9255,2.2500,0.5000,0.5000,true
13,9,4.4508,2.2500,1.6019,0.5000,0.5000,true
13,10,4.5038,1.6019,1.0343,0.5000,0.5000,true
13,11,4.3190,1.0343,0.7574,0.5000,0.5000,true
14,1,4.5934,4.7807,4.1489,0.5000,0.5000,true
14,2,7.3544,4.1489,3.5456,0.5000,0.5000,true
14,3,4.2439,3.5456,2.9883,0.5000,0.5000,true
14,4,3.7158,2.9883,2.5697,0.5000,-0.5000,true
14,5,3.9064,2.5697,1.9904,0.5000,0.5000,true
14,6,4.1832,1.9904,1.5232,0.5000,0.5000,true
14,7,3.7958,1.5232,1.2956,0.5000,0.5000,true
14,8,4.3901,1.2956,0.5932,0.5000,-0.5000,true
15,1,4.3789,4.2428,3.8728,-0.5000,-0.5000,true
15,2,7.3699,3.8728,3.6050,-0.5000,-0.5000,true
15,3,4.2793,3.6050,3.4631,-0.5000,-0.5000,true
15,4,4.6910,3.4631,3.4627,-0.5000,-0.5000,false
15,5,4.3497,3.4627,2.7601,0.5000,-0.5000,true
15,6,4.5235,2.7601,2.0608,0.5000,-0.5000,true
15,7,4.3465,2.0608,1.3693,0.5000,-0.5000,true
15,8,4.6024,1.3693,0.7095,0.5000,-0.5000,true
16,1,3.9464,4.0064,3.3005,0.5000,0.5000,true
16,2,3.8429,3.3005,2.5952,0.5000,0.5000,true
16,3,3.9942,2.5952,1.8912,0.5000,0.5000,true
16,4,4.0562,1.8912,1.1910,0.5000,0.5000,true
16,5,3.9269,1.1910,1.2740,-0.5000,0.5000,false
16,6,4.1025,1.2740,1.9446,-0.5000,-0.5000,false
16,7,4.7075,1.9446,1.2740,0.5000,0.5000,true
16,8,4.5727,1.2740,0.6819,0.5000,0.5000,true
17,1,4.1171,4.4153,3.7163,-0.5000,-0.5000,true
17,2,4.1024,3.7163,3.0210,-0.5000,-0.5000,true
17,3,3.9782,3.0210,2.3329,-0.5000,-0.5000,true
17,4,6.7302,2.3329,1.6609,-0.5000,-0.5000,true
17,5,4.3597,1.6609,1.0366,-0.5000,-0.5000,true
17,6,3.8890,1.0366,0.6250,-0.5000,-0.5000,true
18,1,4.0851,4.4027,3.7709,0.5000,-0.5000,true
18,2,3.8264,3.7709,3.1711,0.5000,-0.5000,true
18,3,3.9419,3.1711,2.6253,0.5000,-0.5000,true
18,4,4.3437,2.6253,2.1745,0.5000,-0.5000,true
18,5,5.0325,2.1745,1.8880,0.5000,-0.5000,true
18,6,4.2174,1.8880,1.2158,0.5000,0.5000,true
18,7,3.8933,1.2158,1.6255,-0.5000,0.5000,false
18,8,3.8093,1.6255,1.2158,0.5000,-0.5000,true
18,9,4.2553,1.2158,0.6262,0.5000,0.5000,true
19,1,4.7594,5.2346,4.5802,-0.5000,-0.5000,true
19,2,3.8439,4.5802,3.9441,-0.5000,-0.5000,true
19,3,4.5158,3.9441,3.3366,-0.5000,-0.5000,true
19,4,3.7440,3.3366,2.7766,-0.5000,-0.5000,true
19,5,6.7309,2.7766,2.2993,-0.5000,-0.5000,true
19,6,4.3410,2.2993,1.9657,-0.5000,-0.5000,true
19,7,4.0243,1.9657,1.8550,-0.5000,-0.5000,true
19,8,4.4526,1.8550,1.1483,0.5000,-0.5000,true
19,9,4.1740,1.1483,0.4433,0.5000,-0.5000,true
20,1,4.6053,5.4351,5.0974,-0.5000,-0.5000,true
20,2,4.4123,5.0974,4.4671,-0.5000,0.5000,true
20,3,3.8649,4.4671,4.1711,-0.5000,-0.5000,true
20,4,4.2539,4.1711,3.5170,-0.5000,0.5000,true
20,5,7.4719,3.5170,2.8881,-0.5000,0.5000,true
20,6,4.2176,2.8881,2.6046,-0.5000,-0.5000,true
20,7,4.9696,2.6046,1.9379,-0.5000,0.5000,true
20,8,5.2631,1.9379,1.3141,-0.5000,0.5000,true
20,9,3.8553,1.3141,0.8357,-0.5000,0.5000,true
20,10,3.6678,0.8357,0.3758,-0.5000,-0.5000,true
21,1,4.2022,4.7585,4.0572,0.5000,0.5000,true
21,2,4.2835,4.0572,3.3583,0.5000,0.5000,true
21,3,4.0108,3.3583,2.6637,0.5000,0.5000,true
21,4,4.0014,2.6637,1.9780,0.5000,0.5000,true
21,5,3.8518,1.9780,1.3152,0.5000,0.5000,true
21,6,4.1778,1.3152,0.7396,0.5000,0.5000,true
22,1,5.0307,5.1783,4.5435,0.5000,0.5000,true
22,2,9.1853,4.5435,4.2571,-0.5000,0.5000,true
22,3,4.1738,4.2571,4.0746,-0.5000,0.5000,true
22,4,4.0121,4.0746,4.0102,-0.5000,0.5000,true
22,5,4.6015,4.0102,3.3031,0.5000,0.5000,true
22,6,3.9580,3.3031,2.5960,0.5000,0.5000,true
22,7,3.9357,2.5960,1.8889,0.5000,0.5000,true
22,8,4.2460,1.8889,1.1819,0.5000,0.5000,true
22,9,3.9824,1.1819,0.4749,0.5000,0.5000,true
23,1,5.1700,4.0835,3.3793,-0.5000,-0.5000,true
23,2,5.4208,3.3793,2.6765,-0.5000,-0.5000,true
23,3,4.2389,2.6765,1.9769,-0.5000,-0.5000,true
23,4,4.0840,1.9769,1.2854,-0.5000,-0.5000,true
23,5,4.3438,1.2854,0.6298,-0.5000,-0.5000,true
24,1,10.9552,4.2310,3.9011,0.5000,-0.5000,true
24,2,7.6865,3.9011,3.2637,-0.5000,-0.5000,true
24,3,4.5263,3.2637,2.6617,-0.5000,-0.5000,true
24,4,6.0576,2.6617,2.1255,-0.5000,-0.5000,true
24,5,5.1441,2.1255,1.7177,-0.5000,-0.5000,true
24,6,4.7208,1.7177,1.5438,-0.5000,-0.5000,true
24,7,4.6379,1.5438,0.8373,0.5000,-0.5000,true
24,8,4.7257,0.8373,1.0649,-0.5000,-0.5000,false
24,9,7.4592,1.0649,1.6022,-0.5000,-0.5000,false
24,10,4.5250,1.6022,1.0649,0.5000,0.5000,true
24,11,4.8786,1.0649,1.6022,-0.5000,-0.5000,false
24,12,4.8212,1.6022,1.0649,0.5000,0.5000,true
24,13,4.0345,1.0649,1.6022,-0.5000,-0.5000,false
24,14,4.7655,1.6022,1.0649,0.5000,0.5000,true
24,15,4.3725,1.0649,0.8373,0.5000,0.5000,true
24,16,4.4214,0.8373,1.0649,-0.5000,-0.5000,false
24,17,4.7378,1.0649,0.6721,0.5000,-0.5000,true
25,1,8.5602,4.0298,3.3303,0.5000,-0.5000,true
25,2,4.0803,3.3303,2.6349,0.5000,-0.5000,true
25,3,4.4722,2.6349,1.9480,0.5000,-0.5000,true
25,4,4.2313,1.9480,1.2832,0.5000,-0.5000,true
25,5,5.0612,1.2832,0.7060,0.5000,-0.5000,true
26,1,6.8278,4.3309,3.6839,0.5000,0.5000,true
26,2,5.7415,3.6839,3.4343,-0.5000,0.5000,true
26,3,4.7668,3.4343,3.3194,-0.5000,0.5000,true
26,4,4.5858,3.3194,3.3529,-0.5000,0.5000,false
26,5,4.1511,3.3529,2.6562,0.5000,0.5000,true
26,6,12.0806,2.6562,1.9671,0.5000,0.5000,true
26,7,7.7634,1.9671,1.2975,0.5000,0.5000,true
26,8,4.8116,1.2975,0.7052,0.5000,0.5000,true
